Area	Filename	Telegram Link
Ampang	ampang.html	https://t.me/hanipropertiesrentals/89
Bandar Saujana Putra	bandar-saujana-putra.html	https://t.me/hanipropertiesrentals/92
Bangi	bangi.html	https://t.me/hanipropertiesrentals/94
Banting	banting.html	https://t.me/hanipropertiesrentals/98
Bukit Jalil	bukit-jalil.html	https://t.me/hanipropertiesrentals/100
Cheras	cheras.html	https://t.me/hanipropertiesrentals/102
Cyberjaya	cyberjaya.html	https://t.me/hanipropertiesrentals/105
Damansara	damansara.html	https://t.me/hanipropertiesrentals/108
Dengkil	dengkil.html	https://t.me/hanipropertiesrentals/110
Kajang	kajang.html	https://t.me/hanipropertiesrentals/113
Kepong	kepong.html	https://t.me/hanipropertiesrentals/155
Klang	klang.html	https://t.me/hanipropertiesrentals/116
Kuala Lumpur	kuala-lumpur.html	https://t.me/hanipropertiesrentals/119
Nilai	nilai.html	https://t.me/hanipropertiesrentals/124
Petaling Jaya	petaling-jaya.html	https://t.me/hanipropertiesrentals/126
Puchong	puchong.html	https://t.me/hanipropertiesrentals/156
Semenyih	semenyih.html	https://t.me/hanipropertiesrentals/131
Sepang	sepang.html	https://t.me/hanipropertiesrentals/133
Sentul	sentul.html	https://t.me/hanipropertiesrentals/136
Seri Kembangan	seri-kembangan.html	https://t.me/hanipropertiesrentals/138
Selayang	selayang.html	https://t.me/hanipropertiesrentals/141
Setapak	setapak.html	https://t.me/hanipropertiesrentals/143
Setia Alam	setia-alam.html	https://t.me/hanipropertiesrentals/145
Shah Alam	shah-alam.html	https://t.me/hanipropertiesrentals/147
Subang Jaya	subang-jaya.html	https://t.me/hanipropertiesrentals/151
Telok Panglima Garang/Rimbayu	telok-panglima-garang-rimbayu.html	https://t.me/hanipropertiesrentals/153